dsadsa;dsadsads
Lawyer;piercemarissa@example.net
Ophthalmologist;ericking@example.org
Therapeutic radiographer;ewilliams@example.org
Catering manager;brian68@example.net
Colour technologist;weberchristina@example.net
International aid/development worker;jacquelinestanley@example.org
Sales executive;barnettamy@example.com
Animator;thomasmichele@example.org
Designer, textile;zmanning@example.org
Geophysical data processor;petersondavid@example.org
Tourist information centre manager;alexanderkim@example.com
Trading standards officer;bobmitchell@example.org
Air broker;tiffany78@example.com
Engineer, site;ryanaguirre@example.com
Scientist, marine;alexis52@example.net
Physiotherapist;dyerryan@example.com
Food technologist;eric79@example.com
Futures trader;xevans@example.org
Administrator, local government;hhernandez@example.net
Copywriter, advertising;daviscarlos@example.org
Ship broker;nicholsoncrystal@example.com
Best boy;hicksbradley@example.org
Tax adviser;lindsay76@example.net
Pilot, airline;andreaoconnor@example.com
Psychotherapist, child;turnerjoshua@example.net
Psychologist, educational;angelaortega@example.org
Psychologist, forensic;kevin90@example.org
Public house manager;paigeharris@example.com
Administrator;griffintravis@example.net
Teacher, special educational needs;ymiller@example.com
Child psychotherapist;woodskelly@example.net
Social research officer, government;michael65@example.com
Civil engineer, consulting;michelle85@example.org
Art therapist;andresherman@example.com
Administrator, Civil Service;bernard28@example.com
Web designer;yheath@example.com
Arts administrator;watsondaisy@example.com
Engineer, drilling;robinjacobs@example.net
Bonds trader;hbyrd@example.net
Probation officer;piercetina@example.net
Audiological scientist;scott16@example.net
Records manager;brian37@example.com
Visual merchandiser;karenbaldwin@example.org
Research officer, trade union;marissa00@example.net
Surgeon;xmills@example.net
Surveyor, insurance;melissa52@example.net
Engineer, broadcasting (operations);jamesellis@example.net
Therapist, music;beverly06@example.org
Patent attorney;bperez@example.net
Production designer, theatre/television/film;murillophilip@example.org
Firefighter;christopherjohnson@example.com
